cms-181634.tif,/images/2025_02_24_1/cms-181634.tif
cms-181635.tif,/images/2025_02_24_1/cms-181635.tif
cms-181636.tif,/images/2025_02_24_1/cms-181636.tif
cms-181637.tif,/images/2025_02_24_1/cms-181637.tif
cms-181639.tif,/images/2025_02_24_1/cms-181639.tif
cms-181640.tif,/images/2025_02_24_1/cms-181640.tif
cms-181641.tif,/images/2025_02_24_1/cms-181641.tif
cms-181643.tif,/images/2025_02_24_1/cms-181643.tif
cms-181644.tif,/images/2025_02_24_1/cms-181644.tif
cms-181646.tif,/images/2025_02_24_1/cms-181646.tif
